label_3,active,nonconvex,l_factor,l_factor_fix,cap_max,cap_min,capex_pipes,fix_costs
DN25,1,1,0.00006835,0.0095,139,0,7.624586,2000
DN40,1,1,0.00002371,0.00901,380,0,3.103042,3000
DN50,1,1,0.00001142,0.00834,730,0,1.724068,4000
DN80,1,1,0.00000357,0.0075,2100,0,0.712567,8000
DN125,1,1,0.00000139,0.01,7170,0,0.258774,15000
