label_3,active,nonconvex,l_factor,l_factor_fix,cap_max,cap_min,capex_pipes,fix_costs
DN80,1,1,0.00000357,0.0075,2100,210,0.712567,6000
DN125,1,1,0.00000139,0.01,7170,717,0.258774,11000